学生姓名,群组,学号,签到时间,是否迟到,迟到理由
studentxqd2,chat4,2,2017-12-13 15:25:45,False,没有
studentxqd3,chat4,3,2017-12-13 15:25:45,False,没有
studentxqd4,chat4,4,2017-12-13 15:25:45,False,没有
studentxqd5,chat4,5,2017-12-13 15:25:45,False,没有
studentxqd6,chat4,6,2017-12-13 15:25:45,False,没有
studentxqd7,chat4,7,2017-12-13 15:25:45,False,没有
studentxqd8,chat4,8,2017-12-13 15:25:45,False,没有
studentxqd9,chat4,9,2017-12-13 15:25:45,False,没有
studentxqd10,chat4,10,2017-12-13 15:25:45,False,没有
studentxqd11,chat4,11,2017-12-13 15:25:45,False,没有
studentxqd12,chat4,12,2017-12-13 15:25:45,False,没有
studentxqd13,chat4,13,2017-12-13 15:25:45,False,没有
studentxqd14,chat4,14,2017-12-13 15:25:45,False,没有
studentxqd15,chat4,15,2017-12-13 15:25:45,False,没有
studentxqd16,chat4,16,2017-12-13 15:25:45,False,没有
studentxqd17,chat4,17,2017-12-13 15:25:45,False,没有
studentxqd18,chat4,18,2017-12-13 15:25:45,False,没有
studentxqd19,chat4,19,2017-12-13 15:25:45,False,没有
studentxqd20,chat4,20,2017-12-13 15:25:45,False,没有
studentxqd21,chat4,21,2017-12-13 15:25:45,False,没有
studentxqd22,chat4,22,2017-12-13 15:25:45,False,没有
studentxqd23,chat4,23,2017-12-13 15:25:45,False,没有
studentxqd24,chat4,24,2017-12-13 15:25:45,False,没有
studentxqd25,chat4,25,2017-12-13 15:25:45,False,没有
studentxqd26,chat4,26,2017-12-13 15:25:45,False,没有
studentxqd27,chat4,27,2017-12-13 15:25:45,False,没有
studentxqd28,chat4,28,2017-12-13 15:25:45,False,没有
studentxqd29,chat4,29,2017-12-13 15:25:45,False,没有
studentxqd30,chat4,30,2017-12-13 15:25:45,False,没有
studentxqd31,chat4,31,2017-12-13 15:25:45,False,没有
studentxqd32,chat4,32,2017-12-13 15:25:45,False,没有
studentxqd33,chat4,33,2017-12-13 15:25:45,False,没有
studentxqd34,chat4,34,2017-12-13 15:25:45,False,没有
studentxqd35,chat4,35,2017-12-13 15:25:45,False,没有
studentxqd36,chat4,36,2017-12-13 15:25:45,False,没有
studentxqd37,chat4,37,2017-12-13 15:25:45,False,没有
studentxqd38,chat4,38,2017-12-13 15:25:45,False,没有
studentxqd39,chat4,39,2017-12-13 15:25:45,False,没有
studentxqd40,chat4,40,2017-12-13 15:25:45,False,没有
studentxqd41,chat4,41,2017-12-13 15:25:45,False,没有
studentxqd42,chat4,42,2017-12-13 15:25:45,False,没有
studentxqd43,chat4,43,2017-12-13 15:25:46,False,没有
studentxqd44,chat4,44,2017-12-13 15:25:46,False,没有
studentxqd45,chat4,45,2017-12-13 15:25:46,False,没有
studentxqd46,chat4,46,2017-12-13 15:25:46,False,没有
studentxqd47,chat4,47,2017-12-13 15:25:46,False,没有
studentxqd48,chat4,48,2017-12-13 15:25:46,False,没有
studentxqd49,chat4,49,2017-12-13 15:25:46,False,没有
studentxqd50,chat4,50,2017-12-13 15:25:46,False,没有
studentxqd51,chat4,51,2017-12-13 15:25:46,False,没有
studentxqd52,chat4,52,2017-12-13 15:25:46,False,没有
studentxqd53,chat4,53,2017-12-13 15:25:46,False,没有
studentxqd54,chat4,54,2017-12-13 15:25:46,False,没有
studentxqd55,chat4,55,2017-12-13 15:25:46,False,没有
studentxqd56,chat4,56,2017-12-13 15:25:46,False,没有
studentxqd57,chat4,57,2017-12-13 15:25:46,False,没有
studentxqd58,chat4,58,2017-12-13 15:25:46,False,没有
studentxqd59,chat4,59,2017-12-13 15:25:46,False,没有
studentxqd60,chat4,60,2017-12-13 15:25:46,False,没有
studentxqd61,chat4,61,2017-12-13 15:25:46,False,没有
studentxqd62,chat4,62,2017-12-13 15:25:46,False,没有
studentxqd63,chat4,63,2017-12-13 15:25:46,False,没有
studentxqd64,chat4,64,2017-12-13 15:25:46,False,没有
studentxqd65,chat4,65,2017-12-13 15:25:46,False,没有
studentxqd66,chat4,66,2017-12-13 15:25:46,False,没有
studentxqd67,chat4,67,2017-12-13 15:25:46,False,没有
studentxqd68,chat4,68,2017-12-13 15:25:46,False,没有
studentxqd69,chat4,69,2017-12-13 15:25:46,False,没有
studentxqd70,chat4,70,2017-12-13 15:25:46,False,没有
studentxqd71,chat4,71,2017-12-13 15:25:46,False,没有
studentxqd72,chat4,72,2017-12-13 15:25:46,False,没有
studentxqd73,chat4,73,2017-12-13 15:25:46,False,没有
studentxqd74,chat4,74,2017-12-13 15:25:46,False,没有
studentxqd75,chat4,75,2017-12-13 15:25:46,False,没有
studentxqd76,chat4,76,2017-12-13 15:25:46,False,没有
studentxqd77,chat4,77,2017-12-13 15:25:46,False,没有
studentxqd78,chat4,78,2017-12-13 15:25:46,False,没有
studentxqd79,chat4,79,2017-12-13 15:25:46,False,没有
studentxqd80,chat4,80,2017-12-13 15:25:46,False,没有
studentxqd81,chat4,81,2017-12-13 15:25:46,False,没有
studentxqd82,chat4,82,2017-12-13 15:25:46,False,没有
studentxqd83,chat4,83,2017-12-13 15:25:46,False,没有
studentxqd84,chat4,84,2017-12-13 15:25:47,False,没有
studentxqd85,chat4,85,2017-12-13 15:25:47,False,没有
studentxqd86,chat4,86,2017-12-13 15:25:47,False,没有
studentxqd87,chat4,87,2017-12-13 15:25:47,False,没有
studentxqd88,chat4,88,2017-12-13 15:25:47,False,没有
studentxqd89,chat4,89,2017-12-13 15:25:47,False,没有
studentxqd90,chat4,90,2017-12-13 15:25:47,False,没有
studentxqd91,chat4,91,2017-12-13 15:25:47,False,没有
studentxqd92,chat4,92,2017-12-13 15:25:47,False,没有
studentxqd93,chat4,93,2017-12-13 15:25:47,False,没有
studentxqd94,chat4,94,2017-12-13 15:25:47,False,没有
studentxqd95,chat4,95,2017-12-13 15:25:47,False,没有
studentxqd96,chat4,96,2017-12-13 15:25:47,False,没有
studentxqd97,chat4,97,2017-12-13 15:25:47,False,没有
studentxqd98,chat4,98,2017-12-13 15:25:47,False,没有
studentxqd99,chat4,99,2017-12-13 15:25:47,False,没有
