学生姓名,群组,学号,签到时间,是否迟到,迟到理由
student2,chat1,2,2017-12-13 15:01:55,True,没有
student3,chat1,3,2017-12-13 15:01:55,True,没有
student4,chat1,4,2017-12-13 15:01:55,True,没有
student5,chat1,5,2017-12-13 15:01:55,True,没有
student6,chat1,6,2017-12-13 15:01:55,True,没有
student7,chat1,7,2017-12-13 15:01:55,True,没有
student8,chat1,8,2017-12-13 15:01:55,True,没有
student9,chat1,9,2017-12-13 15:01:55,True,没有
student10,chat1,10,2017-12-13 15:01:55,True,没有
student11,chat1,11,2017-12-13 15:01:55,True,没有
student12,chat1,12,2017-12-13 15:01:55,True,没有
student13,chat1,13,2017-12-13 15:01:55,True,没有
student14,chat1,14,2017-12-13 15:01:55,True,没有
student15,chat1,15,2017-12-13 15:01:55,True,没有
student16,chat1,16,2017-12-13 15:01:55,True,没有
student17,chat1,17,2017-12-13 15:01:55,True,没有
student18,chat1,18,2017-12-13 15:01:55,True,没有
student19,chat1,19,2017-12-13 15:01:55,True,没有
student20,chat1,20,2017-12-13 15:01:56,True,没有
student21,chat1,21,2017-12-13 15:01:56,True,没有
student22,chat1,22,2017-12-13 15:01:56,True,没有
student23,chat1,23,2017-12-13 15:01:56,True,没有
student24,chat1,24,2017-12-13 15:01:56,True,没有
student25,chat1,25,2017-12-13 15:01:56,True,没有
student26,chat1,26,2017-12-13 15:01:56,True,没有
student27,chat1,27,2017-12-13 15:01:56,True,没有
student28,chat1,28,2017-12-13 15:01:56,True,没有
student29,chat1,29,2017-12-13 15:01:56,True,没有
student30,chat1,30,2017-12-13 15:01:56,True,没有
student31,chat1,31,2017-12-13 15:01:56,True,没有
student32,chat1,32,2017-12-13 15:01:56,True,没有
student33,chat1,33,2017-12-13 15:01:56,True,没有
student34,chat1,34,2017-12-13 15:01:56,True,没有
student35,chat1,35,2017-12-13 15:01:56,True,没有
student36,chat1,36,2017-12-13 15:01:56,True,没有
student37,chat1,37,2017-12-13 15:01:56,True,没有
student38,chat1,38,2017-12-13 15:01:56,True,没有
student39,chat1,39,2017-12-13 15:01:56,True,没有
student40,chat1,40,2017-12-13 15:01:56,True,没有
student41,chat1,41,2017-12-13 15:01:56,True,没有
student42,chat1,42,2017-12-13 15:01:56,True,没有
student43,chat1,43,2017-12-13 15:01:56,True,没有
student44,chat1,44,2017-12-13 15:01:56,True,没有
student45,chat1,45,2017-12-13 15:01:56,True,没有
student46,chat1,46,2017-12-13 15:01:56,True,没有
student47,chat1,47,2017-12-13 15:01:56,True,没有
student48,chat1,48,2017-12-13 15:01:56,True,没有
student49,chat1,49,2017-12-13 15:01:56,True,没有
student50,chat1,50,2017-12-13 15:01:56,True,没有
student51,chat1,51,2017-12-13 15:01:56,True,没有
student52,chat1,52,2017-12-13 15:01:56,True,没有
student53,chat1,53,2017-12-13 15:01:56,True,没有
student54,chat1,54,2017-12-13 15:01:56,True,没有
student55,chat1,55,2017-12-13 15:01:56,True,没有
student56,chat1,56,2017-12-13 15:01:56,True,没有
student57,chat1,57,2017-12-13 15:01:56,True,没有
student58,chat1,58,2017-12-13 15:01:56,True,没有
student59,chat1,59,2017-12-13 15:01:56,True,没有
student60,chat1,60,2017-12-13 15:01:56,True,没有
student61,chat1,61,2017-12-13 15:01:57,True,没有
student62,chat1,62,2017-12-13 15:01:57,True,没有
student63,chat1,63,2017-12-13 15:01:57,True,没有
student64,chat1,64,2017-12-13 15:01:57,True,没有
student65,chat1,65,2017-12-13 15:01:57,True,没有
student66,chat1,66,2017-12-13 15:01:57,True,没有
student67,chat1,67,2017-12-13 15:01:57,True,没有
student68,chat1,68,2017-12-13 15:01:57,True,没有
student69,chat1,69,2017-12-13 15:01:57,True,没有
student70,chat1,70,2017-12-13 15:01:57,True,没有
student71,chat1,71,2017-12-13 15:01:57,True,没有
student72,chat1,72,2017-12-13 15:01:57,True,没有
student73,chat1,73,2017-12-13 15:01:57,True,没有
student74,chat1,74,2017-12-13 15:01:57,True,没有
student75,chat1,75,2017-12-13 15:01:57,True,没有
student76,chat1,76,2017-12-13 15:01:57,True,没有
student77,chat1,77,2017-12-13 15:01:57,True,没有
student78,chat1,78,2017-12-13 15:01:57,True,没有
student79,chat1,79,2017-12-13 15:01:57,True,没有
student80,chat1,80,2017-12-13 15:01:57,True,没有
student81,chat1,81,2017-12-13 15:01:57,True,没有
student82,chat1,82,2017-12-13 15:01:57,True,没有
student83,chat1,83,2017-12-13 15:01:57,True,没有
student84,chat1,84,2017-12-13 15:01:57,True,没有
student85,chat1,85,2017-12-13 15:01:57,True,没有
student86,chat1,86,2017-12-13 15:01:57,True,没有
student87,chat1,87,2017-12-13 15:01:57,True,没有
student88,chat1,88,2017-12-13 15:01:57,True,没有
student89,chat1,89,2017-12-13 15:01:57,True,没有
student90,chat1,90,2017-12-13 15:01:57,True,没有
student91,chat1,91,2017-12-13 15:01:57,True,没有
student92,chat1,92,2017-12-13 15:01:57,True,没有
student93,chat1,93,2017-12-13 15:01:57,True,没有
student94,chat1,94,2017-12-13 15:01:57,True,没有
student95,chat1,95,2017-12-13 15:01:57,True,没有
student96,chat1,96,2017-12-13 15:01:57,True,没有
student97,chat1,97,2017-12-13 15:01:57,True,没有
student98,chat1,98,2017-12-13 15:01:57,True,没有
student99,chat1,99,2017-12-13 15:01:57,True,没有
