学生姓名,群组,学号,签到时间,是否迟到,迟到理由
studentwee2,chat6,2,2018-01-05 13:08:27,False,没有
studentwee3,chat6,3,2018-01-05 13:08:27,False,没有
studentwee4,chat6,4,2018-01-05 13:08:27,False,没有
studentwee5,chat6,5,2018-01-05 13:08:27,False,没有
studentwee6,chat6,6,2018-01-05 13:08:27,False,没有
studentwee7,chat6,7,2018-01-05 13:08:27,False,没有
studentwee8,chat6,8,2018-01-05 13:08:27,False,没有
studentwee9,chat6,9,2018-01-05 13:08:27,False,没有
studentwee10,chat6,10,2018-01-05 13:08:27,False,没有
studentwee11,chat6,11,2018-01-05 13:08:27,False,没有
studentwee12,chat6,12,2018-01-05 13:08:27,False,没有
studentwee13,chat6,13,2018-01-05 13:08:27,False,没有
studentwee14,chat6,14,2018-01-05 13:08:27,False,没有
studentwee15,chat6,15,2018-01-05 13:08:27,False,没有
studentwee16,chat6,16,2018-01-05 13:08:27,False,没有
studentwee17,chat6,17,2018-01-05 13:08:27,False,没有
studentwee18,chat6,18,2018-01-05 13:08:27,False,没有
studentwee19,chat6,19,2018-01-05 13:08:27,False,没有
studentwee20,chat6,20,2018-01-05 13:08:27,False,没有
studentwee21,chat6,21,2018-01-05 13:08:27,False,没有
studentwee22,chat6,22,2018-01-05 13:08:27,False,没有
studentwee23,chat6,23,2018-01-05 13:08:27,False,没有
studentwee24,chat6,24,2018-01-05 13:08:27,False,没有
studentwee25,chat6,25,2018-01-05 13:08:27,False,没有
studentwee26,chat6,26,2018-01-05 13:08:27,False,没有
studentwee27,chat6,27,2018-01-05 13:08:27,False,没有
studentwee28,chat6,28,2018-01-05 13:08:27,False,没有
studentwee29,chat6,29,2018-01-05 13:08:27,False,没有
studentwee30,chat6,30,2018-01-05 13:08:27,False,没有
studentwee31,chat6,31,2018-01-05 13:08:28,False,没有
studentwee32,chat6,32,2018-01-05 13:08:28,False,没有
studentwee33,chat6,33,2018-01-05 13:08:28,False,没有
studentwee34,chat6,34,2018-01-05 13:08:28,False,没有
studentwee35,chat6,35,2018-01-05 13:08:28,False,没有
studentwee36,chat6,36,2018-01-05 13:08:28,False,没有
studentwee37,chat6,37,2018-01-05 13:08:28,False,没有
studentwee38,chat6,38,2018-01-05 13:08:28,False,没有
studentwee39,chat6,39,2018-01-05 13:08:28,False,没有
studentwee40,chat6,40,2018-01-05 13:08:28,False,没有
studentwee41,chat6,41,2018-01-05 13:08:28,False,没有
studentwee42,chat6,42,2018-01-05 13:08:28,False,没有
studentwee43,chat6,43,2018-01-05 13:08:28,False,没有
studentwee44,chat6,44,2018-01-05 13:08:28,False,没有
studentwee45,chat6,45,2018-01-05 13:08:28,False,没有
studentwee46,chat6,46,2018-01-05 13:08:28,False,没有
studentwee47,chat6,47,2018-01-05 13:08:28,False,没有
studentwee48,chat6,48,2018-01-05 13:08:28,False,没有
studentwee49,chat6,49,2018-01-05 13:08:28,False,没有
studentwee50,chat6,50,2018-01-05 13:08:28,False,没有
studentwee51,chat6,51,2018-01-05 13:08:28,False,没有
studentwee52,chat6,52,2018-01-05 13:08:28,False,没有
studentwee53,chat6,53,2018-01-05 13:08:28,False,没有
studentwee54,chat6,54,2018-01-05 13:08:28,False,没有
studentwee55,chat6,55,2018-01-05 13:08:28,False,没有
studentwee56,chat6,56,2018-01-05 13:08:28,False,没有
studentwee57,chat6,57,2018-01-05 13:08:28,False,没有
studentwee58,chat6,58,2018-01-05 13:08:28,False,没有
studentwee59,chat6,59,2018-01-05 13:08:28,False,没有
studentwee60,chat6,60,2018-01-05 13:08:28,False,没有
studentwee61,chat6,61,2018-01-05 13:08:28,False,没有
studentwee62,chat6,62,2018-01-05 13:08:28,False,没有
studentwee63,chat6,63,2018-01-05 13:08:28,False,没有
studentwee64,chat6,64,2018-01-05 13:08:28,False,没有
studentwee65,chat6,65,2018-01-05 13:08:28,False,没有
studentwee66,chat6,66,2018-01-05 13:08:28,False,没有
studentwee67,chat6,67,2018-01-05 13:08:28,False,没有
studentwee68,chat6,68,2018-01-05 13:08:28,False,没有
studentwee69,chat6,69,2018-01-05 13:08:29,False,没有
studentwee70,chat6,70,2018-01-05 13:08:29,False,没有
studentwee71,chat6,71,2018-01-05 13:08:29,False,没有
studentwee72,chat6,72,2018-01-05 13:08:29,False,没有
studentwee73,chat6,73,2018-01-05 13:08:29,False,没有
studentwee74,chat6,74,2018-01-05 13:08:29,False,没有
studentwee75,chat6,75,2018-01-05 13:08:29,False,没有
studentwee76,chat6,76,2018-01-05 13:08:29,False,没有
studentwee77,chat6,77,2018-01-05 13:08:29,False,没有
studentwee78,chat6,78,2018-01-05 13:08:29,False,没有
studentwee79,chat6,79,2018-01-05 13:08:29,False,没有
studentwee80,chat6,80,2018-01-05 13:08:29,False,没有
studentwee81,chat6,81,2018-01-05 13:08:29,False,没有
studentwee82,chat6,82,2018-01-05 13:08:29,False,没有
studentwee83,chat6,83,2018-01-05 13:08:29,False,没有
studentwee84,chat6,84,2018-01-05 13:08:29,False,没有
studentwee85,chat6,85,2018-01-05 13:08:29,False,没有
studentwee86,chat6,86,2018-01-05 13:08:29,False,没有
studentwee87,chat6,87,2018-01-05 13:08:29,False,没有
studentwee88,chat6,88,2018-01-05 13:08:29,False,没有
studentwee89,chat6,89,2018-01-05 13:08:29,False,没有
studentwee90,chat6,90,2018-01-05 13:08:29,False,没有
studentwee91,chat6,91,2018-01-05 13:08:29,False,没有
studentwee92,chat6,92,2018-01-05 13:08:29,False,没有
studentwee93,chat6,93,2018-01-05 13:08:29,False,没有
studentwee94,chat6,94,2018-01-05 13:08:29,False,没有
studentwee95,chat6,95,2018-01-05 13:08:29,False,没有
studentwee96,chat6,96,2018-01-05 13:08:29,False,没有
studentwee97,chat6,97,2018-01-05 13:08:29,False,没有
studentwee98,chat6,98,2018-01-05 13:08:29,False,没有
studentwee99,chat6,99,2018-01-05 13:08:29,False,没有
